type,supplier,id
fuel_filter,bosch,bosch-bafkbnhqve
petrol_fuel_injector,delphi,delphi-whsozvlkjb
petrol_fuel_injector,delphi,delphi-uuijltphmw
brake_rotor,brembo,brembo-iblyqowrse
brake_pad,ferodo,ferodo-nbwpltvhge
brake_pad,bosch,bosch-dlbxdvabbh
brake_rotor,valeo,valeo-tiliyrqfjd
brake_pad,valeo,valeo-qkcyhgrpty
brake_rotor,valeo,valeo-bipaszymau
fuel_filter,purflux,purflux-sszkhgaewm
brake_pad,valeo,valeo-wpvlewedtl
fuel_filter,bosch,bosch-pbqiopxqxe
brake_pad,bosch,bosch-qcmruurbat
brake_pad,valeo,valeo-cxbuvgtncp
brake_pad,ferodo,ferodo-gskzumndnd
brake_rotor,ferodo,ferodo-ibhtwycoyj
diesel_fuel_injector,vdo,vdo-abfjgtvtrt
brake_pad,valeo,valeo-subsulxvyj
fuel_filter,purflux,purflux-fsyfiakdbg
diesel_fuel_injector,bosch,bosch-igriadetof
fuel_filter,mann,mann-hkssjrfufm
petrol_fuel_injector,bosch,bosch-opaytyiutu
brake_pad,bosch,bosch-qsxvaphfns
diesel_fuel_injector,delphi,delphi-tfasijeqpp
diesel_fuel_injector,vdo,vdo-bdhqkmlkeg
fuel_filter,purflux,purflux-avxbkuwdpl
brake_rotor,brembo,brembo-lwuiurowjx
petrol_fuel_injector,bosch,bosch-krerblestp
petrol_fuel_injector,bosch,bosch-tgesojayku
fuel_filter,purflux,purflux-tvdlefthny
brake_rotor,valeo,valeo-vkzwahgcub
diesel_fuel_injector,bosch,bosch-ehyoulijnf
brake_pad,brembo,brembo-cuznfpsiph
brake_rotor,bosch,bosch-qmsmwmkxha
brake_pad,bosch,bosch-fqamydxril
petrol_fuel_injector,vdo,vdo-gbsgenhrky
fuel_filter,bosch,bosch-ccmazbwnxm
petrol_fuel_injector,delphi,delphi-cfeazvtlga
diesel_fuel_injector,delphi,delphi-rixknqixie
diesel_fuel_injector,delphi,delphi-utwbwmllao
fuel_filter,purflux,purflux-aipuwmfaff
fuel_filter,bosch,bosch-ddehddfzej
fuel_filter,mann,mann-fhceopfxfo
brake_rotor,brembo,brembo-hyggjvicid
petrol_fuel_injector,vdo,vdo-vyomeieqnv
brake_rotor,ferodo,ferodo-nhsliqndpm
brake_pad,valeo,valeo-reupjhrkea
diesel_fuel_injector,bosch,bosch-kxiqvwavwz
brake_pad,brembo,brembo-qydpkqlsfi
diesel_fuel_injector,bosch,bosch-duavofiojz
brake_rotor,ferodo,ferodo-wdggpttzbz
brake_rotor,valeo,valeo-bphvlwsbpq
brake_rotor,bosch,bosch-mpaijdljcn
petrol_fuel_injector,delphi,delphi-jxsuziasap
brake_rotor,ferodo,ferodo-srjqjhgfpe
brake_rotor,valeo,valeo-pappcaiduo
diesel_fuel_injector,bosch,bosch-btjvlcqfnt
brake_pad,bosch,bosch-ubcabmvycm
fuel_filter,purflux,purflux-hypaieudml
petrol_fuel_injector,bosch,bosch-wkmyhhpcvk
petrol_fuel_injector,bosch,bosch-aadpkxlmnx
fuel_filter,purflux,purflux-ezloljgzgj
petrol_fuel_injector,delphi,delphi-vksktkgznw
brake_rotor,brembo,brembo-oniicgrpwx
brake_pad,brembo,brembo-whqegprotl
fuel_filter,mann,mann-yeznkktwof
petrol_fuel_injector,vdo,vdo-izvvvjwzxm
diesel_fuel_injector,vdo,vdo-ilwjguojcz
fuel_filter,mann,mann-cstjjddsjc
brake_rotor,brembo,brembo-kizdcrvnag
diesel_fuel_injector,bosch,bosch-pnrhmbomnh
fuel_filter,mann,mann-pkjteqybzs
brake_rotor,brembo,brembo-onebojeocu
fuel_filter,bosch,bosch-ekxpuggjlg
brake_rotor,ferodo,ferodo-hxjmisarkf
petrol_fuel_injector,vdo,vdo-nstbnbbviw
diesel_fuel_injector,vdo,vdo-qgheuqarlt
diesel_fuel_injector,delphi,delphi-xqjpggnuoq
brake_pad,bosch,bosch-zyormoxnox
brake_pad,ferodo,ferodo-ykviphcjxv
fuel_filter,bosch,bosch-eikretxdsg
brake_rotor,brembo,brembo-bkraxacdqf
diesel_fuel_injector,delphi,delphi-bgtbjzausm
diesel_fuel_injector,delphi,delphi-onyaswyxsd
fuel_filter,mann,mann-qqcuwxxwin
fuel_filter,purflux,purflux-srkfomngcg
petrol_fuel_injector,delphi,delphi-desisafkns
diesel_fuel_injector,delphi,delphi-tpkpuksljs
diesel_fuel_injector,bosch,bosch-kdovcndfek
petrol_fuel_injector,delphi,delphi-dhvdbewsrr
diesel_fuel_injector,delphi,delphi-ennaoyudgf
brake_rotor,valeo,valeo-vfanvuxcrv
brake_pad,ferodo,ferodo-zmbzzydhkz
brake_pad,valeo,valeo-xtwxyllqjh
brake_pad,valeo,valeo-xtugefdggm
diesel_fuel_injector,vdo,vdo-qisbaysnqi
diesel_fuel_injector,bosch,bosch-fdxfbowogo
fuel_filter,purflux,purflux-pijwfudoje
fuel_filter,mann,mann-dtzuencylf
fuel_filter,mann,mann-opaafrjrgs
brake_pad,brembo,brembo-crgbshtrxh
brake_pad,bosch,bosch-msvsbislty
diesel_fuel_injector,bosch,bosch-zdtthfhkdt
petrol_fuel_injector,vdo,vdo-qldmjkgyem
petrol_fuel_injector,bosch,bosch-uoncietwpw
brake_rotor,brembo,brembo-jyokfyjtiv
petrol_fuel_injector,vdo,vdo-bplebdjzcy
brake_pad,bosch,bosch-oqtlcitnub
petrol_fuel_injector,bosch,bosch-paspvrfnsc
brake_pad,bosch,bosch-oofqelimfi
fuel_filter,bosch,bosch-epmtclatzb
petrol_fuel_injector,vdo,vdo-wrtglvcuzg
brake_rotor,ferodo,ferodo-etmuqvfwpz
fuel_filter,bosch,bosch-hbpupmqmso
brake_rotor,brembo,brembo-fqrlfccrqm
fuel_filter,mann,mann-ybqlbdztqy
petrol_fuel_injector,bosch,bosch-ziiopjziil
diesel_fuel_injector,delphi,delphi-lulhhmjlgx
fuel_filter,purflux,purflux-ffkbmhmwsu
petrol_fuel_injector,bosch,bosch-pxkpopcbww
fuel_filter,purflux,purflux-xehfoozcci
fuel_filter,mann,mann-oegdosbhxa
petrol_fuel_injector,delphi,delphi-vwvkbskdww
petrol_fuel_injector,vdo,vdo-simfqfqdzz
fuel_filter,bosch,bosch-odtsbjmdcs
brake_pad,brembo,brembo-fmntldzfym
petrol_fuel_injector,bosch,bosch-wtheucwhhx
diesel_fuel_injector,bosch,bosch-gwsgoupnyj
brake_rotor,bosch,bosch-nwezlmvujd
petrol_fuel_injector,delphi,delphi-vgtrgqphwo
brake_rotor,valeo,valeo-irfzqqyatx
fuel_filter,bosch,bosch-mftunxntjs
brake_pad,valeo,valeo-vbkatpukyt
petrol_fuel_injector,vdo,vdo-hhgzrhdmhm
brake_pad,ferodo,ferodo-mijfpbwsni
fuel_filter,bosch,bosch-twvbrphxhs
diesel_fuel_injector,delphi,delphi-zhqkprdwia
fuel_filter,purflux,purflux-kodnapibqq
diesel_fuel_injector,vdo,vdo-yrdppyhmjv
fuel_filter,mann,mann-xnddujveei
fuel_filter,bosch,bosch-bpghurxpmg
petrol_fuel_injector,bosch,bosch-eqvbyranrl
petrol_fuel_injector,vdo,vdo-njczynkoeo
diesel_fuel_injector,delphi,delphi-evbuchdync
petrol_fuel_injector,vdo,vdo-fmuqlanzxr
petrol_fuel_injector,bosch,bosch-fbssjhctyg
petrol_fuel_injector,bosch,bosch-juwrqllceo
diesel_fuel_injector,bosch,bosch-slcpoeabfw
diesel_fuel_injector,bosch,bosch-dsjbimqfkt
diesel_fuel_injector,delphi,delphi-brndpfctml
fuel_filter,bosch,bosch-bokjvvruzj
petrol_fuel_injector,vdo,vdo-vpprxmemrg
diesel_fuel_injector,delphi,delphi-tiznyxxyrj
fuel_filter,bosch,bosch-darakdvpiw
brake_pad,ferodo,ferodo-cjclckoequ
brake_pad,brembo,brembo-rjydfebriq
petrol_fuel_injector,bosch,bosch-ynaqtiqxcv
brake_rotor,bosch,bosch-vjvrjptlew
fuel_filter,mann,mann-hjubjdhhvp
brake_rotor,bosch,bosch-rqtzqbztpw
fuel_filter,bosch,bosch-yefnvydeot
brake_pad,brembo,brembo-jsliynyjjh
brake_rotor,brembo,brembo-ekzhtvuirx
fuel_filter,bosch,bosch-xebjbunsys
diesel_fuel_injector,vdo,vdo-qxdstohbrh
brake_rotor,brembo,brembo-boixdeqdvc
brake_pad,brembo,brembo-qcfohdicgf
diesel_fuel_injector,bosch,bosch-vjawcsiand
fuel_filter,mann,mann-jleewittpv
brake_rotor,bosch,bosch-czvuezdkyo
brake_pad,ferodo,ferodo-srjgtpzzoh
diesel_fuel_injector,vdo,vdo-xppovytslh
diesel_fuel_injector,delphi,delphi-qyfimraird
brake_rotor,brembo,brembo-ddexbosfyt
diesel_fuel_injector,vdo,vdo-wnluksredq
petrol_fuel_injector,bosch,bosch-xhhjapwqhd
brake_rotor,ferodo,ferodo-csqhdgzpwr
brake_rotor,bosch,bosch-talaqjxehp
brake_rotor,bosch,bosch-hqrdtkrqkh
brake_rotor,bosch,bosch-xnkdcdtabz
petrol_fuel_injector,bosch,bosch-nnihboncjd
petrol_fuel_injector,bosch,bosch-wkbwjqmpgi
petrol_fuel_injector,vdo,vdo-pdnlhrmlrm
diesel_fuel_injector,vdo,vdo-ikfrjtpcnv
brake_pad,brembo,brembo-bhlqipwlzw
diesel_fuel_injector,delphi,delphi-bjcdhalerz
fuel_filter,purflux,purflux-zeqxoslchr
brake_rotor,valeo,valeo-fxmmpqrwbo
brake_rotor,brembo,brembo-iounwkmerc
fuel_filter,mann,mann-prbvqurcuk
brake_rotor,valeo,valeo-bqfpnwyylo
diesel_fuel_injector,delphi,delphi-msuxmphzyk
fuel_filter,mann,mann-okjljwzrwa
diesel_fuel_injector,delphi,delphi-shswrtmyyn
diesel_fuel_injector,vdo,vdo-wvjkqzevuk
brake_rotor,ferodo,ferodo-tjpokhcnct
fuel_filter,purflux,purflux-qvbhinegls
diesel_fuel_injector,delphi,delphi-pnvfrpdmfl
brake_pad,brembo,brembo-sxitnaypzo
brake_rotor,valeo,valeo-ivabtxwwwf
brake_pad,valeo,valeo-eaxkikdqvl
petrol_fuel_injector,delphi,delphi-fltbtcxgik
diesel_fuel_injector,bosch,bosch-oodlcnqgag
brake_pad,ferodo,ferodo-jmfzkxfrwa
brake_pad,ferodo,ferodo-gfvtejgjpb
brake_pad,bosch,bosch-owdupcdypk
petrol_fuel_injector,vdo,vdo-dbvsktfqgv
diesel_fuel_injector,delphi,delphi-okvgjavoeo
brake_rotor,ferodo,ferodo-nktzulilvc
fuel_filter,purflux,purflux-kqhpdxttkr
petrol_fuel_injector,delphi,delphi-igtffdhanc
fuel_filter,bosch,bosch-piuqtgehuy
brake_pad,brembo,brembo-fkguzminiy
brake_pad,bosch,bosch-jxllqhlsxg
brake_pad,brembo,brembo-otvjjohgwy
brake_rotor,brembo,brembo-iskvnyolcd
brake_rotor,ferodo,ferodo-ugrsirhaxt
petrol_fuel_injector,delphi,delphi-udumirsgyp
brake_pad,ferodo,ferodo-psphisumhj
brake_pad,brembo,brembo-cvevkkizdz
brake_pad,valeo,valeo-kkewodmfpl
petrol_fuel_injector,bosch,bosch-aejvsmffjo
brake_pad,ferodo,ferodo-jycdgjryft
brake_pad,brembo,brembo-skicfnpjmb
brake_pad,valeo,valeo-xdrddimvcd
brake_pad,valeo,valeo-djzvekzhho
petrol_fuel_injector,bosch,bosch-xktjmkadcp
brake_pad,brembo,brembo-qulmocqono
petrol_fuel_injector,delphi,delphi-vhhgnxhsov
brake_rotor,ferodo,ferodo-phqbdihpsm
brake_rotor,brembo,brembo-nexrlxfckh
brake_pad,ferodo,ferodo-wtuofnykkk
diesel_fuel_injector,bosch,bosch-aitpsororo
diesel_fuel_injector,vdo,vdo-gicxdaftvg
petrol_fuel_injector,delphi,delphi-mzmnkhzdak
petrol_fuel_injector,bosch,bosch-ccabpfktct
brake_rotor,brembo,brembo-ducpkjzocg
brake_rotor,bosch,bosch-sianaxqgya
brake_rotor,brembo,brembo-xloloflztd
brake_rotor,ferodo,ferodo-jzwccqwvfw
petrol_fuel_injector,bosch,bosch-lhophuiics
fuel_filter,mann,mann-jebhkuavoz
brake_pad,bosch,bosch-jbwjkzgpvm
brake_pad,valeo,valeo-bgalwdckrf
diesel_fuel_injector,bosch,bosch-zndpefhjer
diesel_fuel_injector,delphi,delphi-xbjzsgwuoi
diesel_fuel_injector,bosch,bosch-pjxkrmcsbm
petrol_fuel_injector,bosch,bosch-ghmzmxydrt
brake_pad,valeo,valeo-djziewuzop
brake_rotor,valeo,valeo-phhrkdqgvc
brake_pad,valeo,valeo-huvopqnnhn
fuel_filter,purflux,purflux-jzsenwcigo
diesel_fuel_injector,vdo,vdo-fdiebodsez
diesel_fuel_injector,delphi,delphi-jvxlqwihzy
brake_pad,ferodo,ferodo-mdqsfditpy
petrol_fuel_injector,vdo,vdo-zlkvcwnwfs
petrol_fuel_injector,delphi,delphi-lhioyyvflt
diesel_fuel_injector,bosch,bosch-xzmfkjxsua
diesel_fuel_injector,bosch,bosch-dfnbutenhf
brake_pad,valeo,valeo-pxcaijugsr
petrol_fuel_injector,delphi,delphi-atfjfdmgvq
fuel_filter,mann,mann-uzgworbgys
petrol_fuel_injector,delphi,delphi-mlqatrtzli
diesel_fuel_injector,bosch,bosch-qaasfwcsja
diesel_fuel_injector,delphi,delphi-qmxgbwcwsx
fuel_filter,purflux,purflux-vewkreztzl
brake_pad,brembo,brembo-kemusmptld
diesel_fuel_injector,vdo,vdo-cbslygqjny
brake_pad,ferodo,ferodo-nkbgnixrrc
diesel_fuel_injector,delphi,delphi-fbamnegtdv
brake_pad,brembo,brembo-tbtlfwkzho
brake_rotor,ferodo,ferodo-xljzdkwlby
fuel_filter,bosch,bosch-wwcuretgdz
diesel_fuel_injector,bosch,bosch-wiaiuwgufz
brake_pad,brembo,brembo-uejnnqqtdr
brake_rotor,brembo,brembo-hzeuswsktl
brake_rotor,valeo,valeo-pkwoadihqv
fuel_filter,mann,mann-sqddtxkdtg
brake_rotor,bosch,bosch-qwfttxdrme
diesel_fuel_injector,delphi,delphi-cmuwkfeibq
diesel_fuel_injector,bosch,bosch-tqudffsxeh
brake_rotor,ferodo,ferodo-lltqypbhsu
brake_rotor,ferodo,ferodo-hsfqblfopm
diesel_fuel_injector,bosch,bosch-zspfwkrede
brake_rotor,brembo,brembo-kcfyqkiakv
fuel_filter,mann,mann-tjduzhhrpm
petrol_fuel_injector,bosch,bosch-mlzauqzlde
diesel_fuel_injector,vdo,vdo-ngpcmfeuzd
fuel_filter,bosch,bosch-dvbptabhkf
diesel_fuel_injector,vdo,vdo-lhicfodbtl
fuel_filter,purflux,purflux-krsbsvhaxj
petrol_fuel_injector,vdo,vdo-blqwzixvmg
brake_pad,ferodo,ferodo-rdvkhfpxcj
brake_pad,bosch,bosch-qutxcbauda
petrol_fuel_injector,vdo,vdo-coluqzycgh
diesel_fuel_injector,bosch,bosch-zdaiysdveo
fuel_filter,purflux,purflux-czbngsligs
brake_rotor,ferodo,ferodo-hkbxwyegeg
brake_pad,brembo,brembo-yqkwocitul
petrol_fuel_injector,bosch,bosch-diambqcbuj
brake_pad,brembo,brembo-midhrrpviq
petrol_fuel_injector,bosch,bosch-mitrdxxtfj
petrol_fuel_injector,bosch,bosch-yhhtgdujcq
diesel_fuel_injector,delphi,delphi-iqpyztpgjo
diesel_fuel_injector,delphi,delphi-eypnnzcecj
brake_rotor,valeo,valeo-sqdplvwrev
diesel_fuel_injector,vdo,vdo-ywqsdfyrbg
petrol_fuel_injector,vdo,vdo-jtguxxhrll
petrol_fuel_injector,vdo,vdo-qdflxwqfym
diesel_fuel_injector,vdo,vdo-rdrdgvioli
petrol_fuel_injector,vdo,vdo-nmkoaozrun
brake_pad,valeo,valeo-leewlgtrhr
petrol_fuel_injector,bosch,bosch-gkmzjamtrd
fuel_filter,bosch,bosch-wkrrcrfqnq
brake_rotor,brembo,brembo-jbrllhasko
brake_pad,bosch,bosch-rmkfgxztda
brake_pad,ferodo,ferodo-vmjuhuqzlm
fuel_filter,purflux,purflux-cvatuxjnwn
brake_pad,ferodo,ferodo-neittsreze
petrol_fuel_injector,bosch,bosch-ooqmxzmngb
brake_rotor,ferodo,ferodo-avxuromfqz
brake_rotor,brembo,brembo-joaohjpjgz
fuel_filter,mann,mann-icfjnpxkuv
diesel_fuel_injector,vdo,vdo-avnjpdcoor
petrol_fuel_injector,delphi,delphi-gqsnuzeqaj
brake_pad,bosch,bosch-hvzmncrlbl
fuel_filter,bosch,bosch-wncpeargaj
brake_pad,brembo,brembo-bknfjwjswm
fuel_filter,mann,mann-jahkeetsbg
brake_rotor,brembo,brembo-qsllctadti
diesel_fuel_injector,bosch,bosch-nmtmohjfad
brake_pad,valeo,valeo-lsqullrghj
petrol_fuel_injector,bosch,bosch-vkcxtvterq
fuel_filter,bosch,bosch-ngboaaizhx
brake_pad,brembo,brembo-faurzaxsqh
fuel_filter,bosch,bosch-laabctsysa
fuel_filter,bosch,bosch-raocmeiuoi
brake_rotor,valeo,valeo-sebkwtugni
petrol_fuel_injector,vdo,vdo-uhjelycwmf
fuel_filter,purflux,purflux-zbezddtjzw
brake_pad,bosch,bosch-dxrxstmyru
brake_rotor,brembo,brembo-lbfqkuskyo
petrol_fuel_injector,vdo,vdo-ckopmajwsz
brake_rotor,brembo,brembo-hfhclewnwe
fuel_filter,purflux,purflux-msypzwvohg
fuel_filter,bosch,bosch-dmqrxeetfn
fuel_filter,purflux,purflux-kbfbroklwc
fuel_filter,bosch,bosch-rrtfjdufoj
brake_rotor,valeo,valeo-ilevqxnlrm
brake_pad,brembo,brembo-oywyhumngp
diesel_fuel_injector,bosch,bosch-vxtpiximvw
brake_pad,bosch,bosch-dojgipvabl
brake_rotor,valeo,valeo-meoiqsqmlf
fuel_filter,purflux,purflux-wwzhumopdz
fuel_filter,purflux,purflux-jrobvqymjw
diesel_fuel_injector,bosch,bosch-guxqsklvvk
diesel_fuel_injector,vdo,vdo-szngjhloih
brake_rotor,bosch,bosch-rwxmhikuld
brake_pad,ferodo,ferodo-nbfyhbrnxd
diesel_fuel_injector,delphi,delphi-eqwhfoknod
diesel_fuel_injector,delphi,delphi-exenzlltdd
brake_rotor,bosch,bosch-aaqiqgkpan
fuel_filter,purflux,purflux-nyqdfrrgdt
brake_pad,ferodo,ferodo-ddhdfelixr
brake_rotor,brembo,brembo-hrhnhtlime
petrol_fuel_injector,bosch,bosch-aogknkrmpk
diesel_fuel_injector,vdo,vdo-sujwnapdwz
fuel_filter,mann,mann-pnevbtkwak
brake_rotor,valeo,valeo-muxnbnkkys
brake_pad,valeo,valeo-qgilziucua
petrol_fuel_injector,delphi,delphi-fpxchdrekf
brake_rotor,bosch,bosch-pqeunnhvzh
brake_pad,ferodo,ferodo-kgsmxbepjs
brake_rotor,bosch,bosch-uciblryhsh
brake_rotor,bosch,bosch-toravtwxbs
petrol_fuel_injector,vdo,vdo-ousvxikgus
brake_rotor,valeo,valeo-sxnpytydmz
fuel_filter,purflux,purflux-hqkdnhsibu
brake_pad,brembo,brembo-mueeapiytu
diesel_fuel_injector,delphi,delphi-wznavkcqhx
diesel_fuel_injector,vdo,vdo-eetlnkdgda
brake_pad,ferodo,ferodo-ixywnvoldd
brake_rotor,brembo,brembo-vkqhmoacga
brake_pad,valeo,valeo-hwxaoynczx
diesel_fuel_injector,delphi,delphi-jdhpdmovzy
fuel_filter,mann,mann-wqaysbbqib
petrol_fuel_injector,bosch,bosch-gaeaztvxvd
petrol_fuel_injector,delphi,delphi-ouvwkefgwg
brake_rotor,valeo,valeo-pdodpdrogh
brake_pad,valeo,valeo-vsqbrngvcm
diesel_fuel_injector,vdo,vdo-laykmqdcbe
brake_rotor,brembo,brembo-lickabhusr
fuel_filter,purflux,purflux-fzocjnuiir
fuel_filter,mann,mann-kltzylmqar
fuel_filter,mann,mann-znamcijdvy
fuel_filter,purflux,purflux-jiglobxfvk
diesel_fuel_injector,delphi,delphi-zdihrjwwsq
brake_rotor,ferodo,ferodo-mnnajmubjb
brake_rotor,valeo,valeo-kctndytzrb
fuel_filter,bosch,bosch-gmwnjylgzk
brake_rotor,ferodo,ferodo-qpheululqz
diesel_fuel_injector,bosch,bosch-qwnscuewpd
petrol_fuel_injector,bosch,bosch-ealqyvsnfb
petrol_fuel_injector,bosch,bosch-gryblltblt
fuel_filter,bosch,bosch-vqpxpzrfhr
brake_rotor,bosch,bosch-kczzrxmfuz
brake_rotor,ferodo,ferodo-tmpeyvstfw
fuel_filter,mann,mann-mxmerccdet
fuel_filter,bosch,bosch-ysomroxodi
brake_pad,valeo,valeo-umoghaccov
brake_pad,ferodo,ferodo-wgyisnuuvy
diesel_fuel_injector,bosch,bosch-jyugbievbm
diesel_fuel_injector,vdo,vdo-ahenaccklc
brake_pad,brembo,brembo-qbbsubndzi
petrol_fuel_injector,bosch,bosch-fsqpxkjpjd
brake_pad,valeo,valeo-cxhzbjgrsp
brake_rotor,valeo,valeo-lgnkvuatru
fuel_filter,purflux,purflux-cmtzlfrjuy
petrol_fuel_injector,vdo,vdo-rltgexshro
fuel_filter,bosch,bosch-fzufimqzyq
petrol_fuel_injector,delphi,delphi-fyvzmusmse
petrol_fuel_injector,delphi,delphi-rccevtpjtu
diesel_fuel_injector,delphi,delphi-zidszchdxl
brake_pad,ferodo,ferodo-hzdvxlobiw
brake_pad,bosch,bosch-snmlrbsqne
diesel_fuel_injector,bosch,bosch-rqzleqlldw
fuel_filter,purflux,purflux-ioptohtuep
brake_pad,valeo,valeo-cxhezadila
diesel_fuel_injector,delphi,delphi-oaugyyhvcr
brake_rotor,brembo,brembo-fcqwythkks
diesel_fuel_injector,vdo,vdo-senvxeudlw
brake_rotor,bosch,bosch-yaapvdlbus
petrol_fuel_injector,delphi,delphi-ebcrkthqnv
diesel_fuel_injector,delphi,delphi-jvsxpzswqg
fuel_filter,bosch,bosch-evhofiwqvw
petrol_fuel_injector,delphi,delphi-mvvnhiaxal
petrol_fuel_injector,vdo,vdo-xhnqxsaivi
petrol_fuel_injector,bosch,bosch-pectqmscaf
brake_pad,brembo,brembo-mxgnpdqafe
brake_pad,brembo,brembo-csstmkdusz
brake_pad,valeo,valeo-ajodtbhsth
petrol_fuel_injector,vdo,vdo-mbyevqsnmt
fuel_filter,bosch,bosch-qnuoenxref
diesel_fuel_injector,vdo,vdo-rvkrzzxfzf
petrol_fuel_injector,delphi,delphi-hfemjuxjyz
diesel_fuel_injector,vdo,vdo-barmjgdrei
brake_rotor,ferodo,ferodo-rhijczcpey
diesel_fuel_injector,bosch,bosch-vfwcntkcwo
petrol_fuel_injector,vdo,vdo-brdxtbjmkl
brake_rotor,bosch,bosch-bvyeulvzhb
diesel_fuel_injector,bosch,bosch-wsunlrraoo
brake_rotor,valeo,valeo-pfjkghygtx
fuel_filter,bosch,bosch-rsstfowxpi
diesel_fuel_injector,vdo,vdo-hzyfqsurmn
fuel_filter,purflux,purflux-xdeniuxubn
fuel_filter,bosch,bosch-waxjylwmtt
brake_pad,valeo,valeo-vmzwyyhdfs
fuel_filter,purflux,purflux-ovtwncwlzr
fuel_filter,purflux,purflux-mfxmzwfotq
brake_pad,bosch,bosch-ejenqymbtq
brake_rotor,brembo,brembo-byiutipsvx
petrol_fuel_injector,bosch,bosch-skdlkuombp
diesel_fuel_injector,delphi,delphi-lvrtgruzur
brake_rotor,ferodo,ferodo-ygdzuhnhos
fuel_filter,mann,mann-sjoddzhvzn
brake_pad,ferodo,ferodo-twdpwmsfpe
diesel_fuel_injector,vdo,vdo-xvvzzbksas
petrol_fuel_injector,bosch,bosch-qjcwplpsqm
brake_rotor,ferodo,ferodo-srvrbcejkv
petrol_fuel_injector,bosch,bosch-iwvdxbdnbp
petrol_fuel_injector,vdo,vdo-bmuutwusoa
fuel_filter,purflux,purflux-mhmxrobznu
diesel_fuel_injector,vdo,vdo-huqbmrorps
brake_rotor,ferodo,ferodo-dgsrdovtqv
fuel_filter,bosch,bosch-cenhtyxdzi
diesel_fuel_injector,bosch,bosch-owqnfebgtu
brake_pad,brembo,brembo-spxnkzqzdr
diesel_fuel_injector,vdo,vdo-vtoasqihez
petrol_fuel_injector,delphi,delphi-prkfbimqma
brake_rotor,valeo,valeo-furlxmriqs
petrol_fuel_injector,vdo,vdo-xntbeyfwfg
diesel_fuel_injector,vdo,vdo-uqmnplhvsw
diesel_fuel_injector,bosch,bosch-cephkunuck
brake_pad,ferodo,ferodo-pqjvcyetze
diesel_fuel_injector,delphi,delphi-wqseoxhleg
brake_pad,bosch,bosch-xqmlqzypqy
brake_pad,brembo,brembo-qvbzyldfur
fuel_filter,bosch,bosch-yctfpwfuch
brake_pad,brembo,brembo-qwdiaeholt
diesel_fuel_injector,bosch,bosch-crmpihdjre
brake_rotor,bosch,bosch-umbdklzfeh
petrol_fuel_injector,bosch,bosch-etovzatndm
petrol_fuel_injector,delphi,delphi-aqezswyicw
petrol_fuel_injector,delphi,delphi-urwcnecpfv
fuel_filter,mann,mann-fbhguyochq
brake_rotor,ferodo,ferodo-cdacvofpvz
brake_pad,brembo,brembo-vjqglwrjkx
fuel_filter,mann,mann-abcfqcbwto
brake_pad,ferodo,ferodo-bapeiigmbj
brake_rotor,valeo,valeo-ubffxiscpi
fuel_filter,mann,mann-smtvqhakou
brake_rotor,valeo,valeo-vlevlqfgod
brake_pad,ferodo,ferodo-mwdjyvejia
diesel_fuel_injector,bosch,bosch-bffakgalzh
brake_pad,valeo,valeo-zdsdolzchd
brake_pad,valeo,valeo-itshxehroq
brake_pad,valeo,valeo-eqetolpted
petrol_fuel_injector,bosch,bosch-enbhivciyi
diesel_fuel_injector,delphi,delphi-qewfrjrbbn
brake_pad,ferodo,ferodo-qsxkizbrpi
brake_rotor,bosch,bosch-vyksbdqmpj
brake_pad,bosch,bosch-lukhrdgjds
fuel_filter,bosch,bosch-zjitrbwups
brake_rotor,ferodo,ferodo-wdaqwtjbsp
fuel_filter,bosch,bosch-echbjxwowh
fuel_filter,bosch,bosch-pouczkwsqk
brake_rotor,valeo,valeo-twnpoodltv
petrol_fuel_injector,bosch,bosch-qddnikdlln
brake_pad,brembo,brembo-rmahrdlowz
fuel_filter,mann,mann-qomlrqmgkd
diesel_fuel_injector,vdo,vdo-eozqawuxyh
fuel_filter,purflux,purflux-fvzvnxzfnn
petrol_fuel_injector,bosch,bosch-mbxnbkthnd
diesel_fuel_injector,bosch,bosch-jkyfroliwu
brake_pad,ferodo,ferodo-ukquctctcn
petrol_fuel_injector,vdo,vdo-vhbquhvjpy
brake_pad,valeo,valeo-yjdfnwpuqs
petrol_fuel_injector,vdo,vdo-wtnbnktrkb
petrol_fuel_injector,delphi,delphi-gtolfhvxnv
diesel_fuel_injector,bosch,bosch-ltofyakirf
fuel_filter,bosch,bosch-fcrnhnlfue
diesel_fuel_injector,bosch,bosch-edelhduhrt
diesel_fuel_injector,bosch,bosch-gvbguyqepn
brake_rotor,valeo,valeo-cvygoxsahn
fuel_filter,purflux,purflux-cecwppekld
diesel_fuel_injector,vdo,vdo-gkigmdnqpl
brake_pad,bosch,bosch-wknhexojve
diesel_fuel_injector,bosch,bosch-vetvqovjpa
diesel_fuel_injector,delphi,delphi-yiomyplkik
fuel_filter,purflux,purflux-iknebayiho
brake_pad,ferodo,ferodo-uhmshgxjvm
diesel_fuel_injector,vdo,vdo-reivfixfkv
diesel_fuel_injector,delphi,delphi-crrzctwyvf
brake_rotor,bosch,bosch-espfjxizcl
brake_pad,bosch,bosch-xsmlatfrwk
fuel_filter,bosch,bosch-uvpnfqheux
fuel_filter,bosch,bosch-ijjpbxfaos
fuel_filter,mann,mann-btencbiruw
petrol_fuel_injector,bosch,bosch-iumjvlpllm
brake_rotor,valeo,valeo-zdavgzymjg
petrol_fuel_injector,delphi,delphi-ibrpojrahb
brake_rotor,ferodo,ferodo-nkvqngoyas
petrol_fuel_injector,bosch,bosch-sltealbmox
brake_rotor,brembo,brembo-ihwtannuyv
brake_rotor,ferodo,ferodo-efthffxclz
diesel_fuel_injector,vdo,vdo-ynrxdlluzm
brake_pad,valeo,valeo-oejdivauko
brake_pad,ferodo,ferodo-qyvcmxujsz
brake_rotor,bosch,bosch-ousbmsvwbe
petrol_fuel_injector,vdo,vdo-ngiuoosiue
fuel_filter,bosch,bosch-yivaqxmjvt
petrol_fuel_injector,bosch,bosch-stoflfveva
brake_rotor,bosch,bosch-vjviybglyv
brake_rotor,brembo,brembo-eemwspowxf
brake_pad,valeo,valeo-lhmxlnttld
petrol_fuel_injector,bosch,bosch-twknixqzzt
diesel_fuel_injector,vdo,vdo-guromgviwe
brake_rotor,valeo,valeo-fvvrcxpfew
fuel_filter,purflux,purflux-izojvnhlhn
diesel_fuel_injector,vdo,vdo-wxlvjymslu
fuel_filter,bosch,bosch-yxdxvmsigo
brake_pad,bosch,bosch-txqcwkqwhc
diesel_fuel_injector,vdo,vdo-nfseocelaa
fuel_filter,purflux,purflux-aerumkooxn
petrol_fuel_injector,delphi,delphi-eyzlbnaepb
diesel_fuel_injector,vdo,vdo-eknbtcjdbp
diesel_fuel_injector,delphi,delphi-jxxqjfbemo
petrol_fuel_injector,bosch,bosch-obcarkztrk
diesel_fuel_injector,vdo,vdo-sqrpnextie
diesel_fuel_injector,delphi,delphi-duwelpxdnz
brake_pad,valeo,valeo-efsevokeze
petrol_fuel_injector,vdo,vdo-hvmlahvcsq
brake_pad,brembo,brembo-xmddxigjjn
brake_rotor,bosch,bosch-orlszpddbd
diesel_fuel_injector,bosch,bosch-bezubtxstv
petrol_fuel_injector,delphi,delphi-bausbzhavf
fuel_filter,mann,mann-qnkqakigzm
brake_pad,valeo,valeo-gqhaomxmqw
fuel_filter,bosch,bosch-cxyomdpxfz
diesel_fuel_injector,delphi,delphi-exynruxxao
brake_rotor,bosch,bosch-vzvkejvhxw
petrol_fuel_injector,vdo,vdo-stmapwureh
diesel_fuel_injector,bosch,bosch-aabtmvwmpu
diesel_fuel_injector,vdo,vdo-xsrkauyocz
brake_pad,brembo,brembo-xzfirkhrhg
brake_pad,brembo,brembo-zzujpfmmcz
fuel_filter,purflux,purflux-zqyghnwukh
fuel_filter,mann,mann-sjrovighsp
petrol_fuel_injector,delphi,delphi-tjehmwxhdr
petrol_fuel_injector,delphi,delphi-ionkorqbev
diesel_fuel_injector,vdo,vdo-jthnqzbccu
fuel_filter,bosch,bosch-uuccmghxnh
fuel_filter,purflux,purflux-iqaawrvuiq
petrol_fuel_injector,vdo,vdo-djsoshrghz
petrol_fuel_injector,bosch,bosch-puntikqdyy
fuel_filter,mann,mann-xxbumjpuex
brake_rotor,brembo,brembo-wsmzbujjhm
diesel_fuel_injector,bosch,bosch-fiftlzzudg
diesel_fuel_injector,vdo,vdo-zxqmcbrbsf
fuel_filter,bosch,bosch-uaudugrkwl
brake_pad,bosch,bosch-ehqzwocvzi
petrol_fuel_injector,vdo,vdo-sjpdjwxblg
brake_rotor,valeo,valeo-mpunaiwolh
brake_pad,brembo,brembo-yvnlhplpmz
brake_pad,valeo,valeo-iesfvbverv
fuel_filter,mann,mann-bxjdrtudil
brake_pad,valeo,valeo-guykxelfet
brake_rotor,bosch,bosch-wzzwnsyggx
brake_pad,ferodo,ferodo-vpehltwbmn
brake_pad,valeo,valeo-mdziwwvorc
diesel_fuel_injector,bosch,bosch-gpxbgxbhtk
brake_rotor,valeo,valeo-ypwlwakwtr
diesel_fuel_injector,bosch,bosch-xxcbpuzkjq
diesel_fuel_injector,vdo,vdo-bdgdlxhedr
brake_rotor,valeo,valeo-demgictfjq
brake_rotor,brembo,brembo-gcgwxtdbef
diesel_fuel_injector,bosch,bosch-vscfodeish
brake_rotor,bosch,bosch-dgafqqkhcx
brake_pad,bosch,bosch-jtuggpttes
fuel_filter,mann,mann-qklqucmohc
brake_rotor,bosch,bosch-tlkyjitmge
fuel_filter,bosch,bosch-dqsbdtoeus
diesel_fuel_injector,delphi,delphi-oyrtknzhoe
brake_pad,ferodo,ferodo-ijgrikpdcc
diesel_fuel_injector,delphi,delphi-qmlezvompw
petrol_fuel_injector,delphi,delphi-vdecmgucrd
diesel_fuel_injector,bosch,bosch-gczkuxutel
petrol_fuel_injector,bosch,bosch-jtlspchwzf
diesel_fuel_injector,bosch,bosch-rhvtwmuvfh
fuel_filter,bosch,bosch-vhgzfmaylm
diesel_fuel_injector,vdo,vdo-llfexhvpbb
brake_rotor,brembo,brembo-xgkcqaegda
brake_pad,ferodo,ferodo-zsrirvkgwq
diesel_fuel_injector,vdo,vdo-vqrdgvfznj
brake_pad,bosch,bosch-lviwelrvwk
brake_pad,valeo,valeo-ozzwtkthix
petrol_fuel_injector,delphi,delphi-zawnphipqw
diesel_fuel_injector,bosch,bosch-nhbihukfeu
fuel_filter,mann,mann-hmudpdrqak
diesel_fuel_injector,delphi,delphi-dbsmuskdzk
petrol_fuel_injector,bosch,bosch-tlwkogxbgh
diesel_fuel_injector,delphi,delphi-yejpdcdgjd
brake_rotor,bosch,bosch-kccokrwaur
brake_rotor,valeo,valeo-sithxcyyne
petrol_fuel_injector,vdo,vdo-qurqobardp
diesel_fuel_injector,bosch,bosch-rlclygyfsz
petrol_fuel_injector,bosch,bosch-kovfwdllby
fuel_filter,mann,mann-fwvmlfdrtu
brake_pad,valeo,valeo-tmovksnyxp
brake_pad,bosch,bosch-ahztirkhnh
brake_pad,valeo,valeo-beuaulzcze
fuel_filter,mann,mann-kbyehltkio
petrol_fuel_injector,delphi,delphi-qpctmeyqls
brake_pad,brembo,brembo-ctlsdjhqam
fuel_filter,mann,mann-ovxyaqucpr
brake_rotor,brembo,brembo-lnnqahxeix
petrol_fuel_injector,bosch,bosch-yoffernxol
brake_rotor,ferodo,ferodo-bhovxdrpck
brake_pad,ferodo,ferodo-wrirjzllyc
brake_pad,bosch,bosch-rvaybjcgru
petrol_fuel_injector,bosch,bosch-vxzbzuqqsi
brake_rotor,ferodo,ferodo-aiuswwsleg
fuel_filter,mann,mann-abxgdbhbcp
fuel_filter,purflux,purflux-tgkzzlbscu
petrol_fuel_injector,bosch,bosch-jmafeqjkop
brake_pad,bosch,bosch-vfvqmnuhzl
brake_rotor,valeo,valeo-ngfcmvvtda
fuel_filter,purflux,purflux-chvjelcqab
brake_pad,bosch,bosch-rmnigcmzfy
petrol_fuel_injector,delphi,delphi-heuyvnjwzy
fuel_filter,purflux,purflux-zvwqihvenq
diesel_fuel_injector,vdo,vdo-wmkqmrbjgy
petrol_fuel_injector,bosch,bosch-ggayuraooa
brake_pad,brembo,brembo-wgldrpatpp
diesel_fuel_injector,vdo,vdo-rsgvfumrkp
diesel_fuel_injector,delphi,delphi-lqfiderogp
brake_pad,ferodo,ferodo-yoenltobzy
brake_rotor,ferodo,ferodo-ddxmuatwec
brake_rotor,brembo,brembo-fdjobnerqq
fuel_filter,mann,mann-pgfusykodm
brake_rotor,brembo,brembo-goiiidkojd
brake_rotor,valeo,valeo-vwaaytkiqi
petrol_fuel_injector,bosch,bosch-zpscglbykh
brake_pad,bosch,bosch-brwawanyne
brake_rotor,ferodo,ferodo-tvlymhbalu
fuel_filter,purflux,purflux-gdwbaoozvm
brake_rotor,bosch,bosch-szrimkbgsn
fuel_filter,mann,mann-xwcjeumqdb
brake_rotor,ferodo,ferodo-mzcmiqbsaq
brake_rotor,bosch,bosch-fbcuirzrke
petrol_fuel_injector,vdo,vdo-kcpdaumcgx
brake_rotor,ferodo,ferodo-gzofryqprv
petrol_fuel_injector,vdo,vdo-kzrvcnfavn
brake_rotor,brembo,brembo-pirbxlalmq
fuel_filter,bosch,bosch-ugpxlinimm
diesel_fuel_injector,bosch,bosch-gzxleaofui
fuel_filter,purflux,purflux-drgnnnwgde
brake_pad,brembo,brembo-cfarlvioys
brake_pad,ferodo,ferodo-prxtwxiqlf
fuel_filter,mann,mann-xfywgtgywh
brake_pad,ferodo,ferodo-fhdgxujbnl
petrol_fuel_injector,vdo,vdo-ujufsyspyd
diesel_fuel_injector,bosch,bosch-bppevjolqn
petrol_fuel_injector,bosch,bosch-hwtenzqcue
brake_pad,brembo,brembo-fhwnusyahc
petrol_fuel_injector,vdo,vdo-aangyafeha
brake_rotor,brembo,brembo-rarksuoyii
diesel_fuel_injector,bosch,bosch-leipwuntnc
fuel_filter,bosch,bosch-brkvnlqsav
diesel_fuel_injector,bosch,bosch-wegfoiguir
brake_rotor,valeo,valeo-ihktasgltm
petrol_fuel_injector,bosch,bosch-myxnmzvkjb
fuel_filter,bosch,bosch-vrqnieombj
brake_rotor,bosch,bosch-cfrpvpcrfa
brake_pad,valeo,valeo-fojqnlilro
brake_rotor,bosch,bosch-slaeimhhcc
brake_rotor,brembo,brembo-imtytboink
fuel_filter,bosch,bosch-xsezopxtpy
brake_pad,bosch,bosch-eirxlmhhzk
brake_pad,valeo,valeo-bmkptcoqtf
petrol_fuel_injector,vdo,vdo-eykubtuhal
fuel_filter,mann,mann-enuqvtxxrx
diesel_fuel_injector,bosch,bosch-fgpuqpwbvr
brake_rotor,bosch,bosch-jekllmqsnh
fuel_filter,mann,mann-fulhrgdmsm
fuel_filter,mann,mann-eacumyhjwo
petrol_fuel_injector,bosch,bosch-kgnstoicuo
brake_pad,bosch,bosch-cyvuzrtixy
diesel_fuel_injector,delphi,delphi-zxqeduoorm
brake_pad,brembo,brembo-mcctxsazom
brake_rotor,brembo,brembo-hwfmaruhka
diesel_fuel_injector,delphi,delphi-ustaygwnfd
brake_rotor,brembo,brembo-cuklvyswsk
fuel_filter,bosch,bosch-axpqqhzwua
petrol_fuel_injector,delphi,delphi-ykagrusqye
diesel_fuel_injector,vdo,vdo-ddvevofpyf
petrol_fuel_injector,vdo,vdo-cxfhbxwvqq
brake_pad,valeo,valeo-qqmeflbuvz
brake_rotor,bosch,bosch-zvweqywnob
brake_rotor,bosch,bosch-lhchqigihz
brake_rotor,bosch,bosch-osfywzapol
brake_pad,valeo,valeo-znpbcivsnl
diesel_fuel_injector,bosch,bosch-xwtwqrhfsm
diesel_fuel_injector,vdo,vdo-rsfehynkku
petrol_fuel_injector,bosch,bosch-uakvrmczry
petrol_fuel_injector,vdo,vdo-miegnvozpz
brake_pad,ferodo,ferodo-gybjmiwlun
diesel_fuel_injector,bosch,bosch-jftbjonmry
petrol_fuel_injector,vdo,vdo-ginykvljut
brake_rotor,bosch,bosch-vqeixndttp
diesel_fuel_injector,vdo,vdo-ufabbpumkc
brake_rotor,ferodo,ferodo-gmbkvyeffk
fuel_filter,mann,mann-yumdkvyzzx
petrol_fuel_injector,bosch,bosch-xkpjiwtzqp
petrol_fuel_injector,bosch,bosch-cbxghqvfng
petrol_fuel_injector,delphi,delphi-vogubgdhob
fuel_filter,purflux,purflux-kkcepyunfm
fuel_filter,purflux,purflux-heuvqzirbo
brake_pad,ferodo,ferodo-bzbnrrvdoi
petrol_fuel_injector,bosch,bosch-dpxmaoruzp
brake_rotor,brembo,brembo-lnhgrkelwu
diesel_fuel_injector,bosch,bosch-wkhprlxidq
fuel_filter,bosch,bosch-xirlyoanex
fuel_filter,mann,mann-yxhjfgadmp
petrol_fuel_injector,vdo,vdo-jzszqzqbra
brake_rotor,valeo,valeo-tphosnojhu
fuel_filter,bosch,bosch-yeiomcepov
diesel_fuel_injector,delphi,delphi-orzrmccigz
diesel_fuel_injector,vdo,vdo-xolgtdfezi
fuel_filter,purflux,purflux-ousweukuwz
fuel_filter,bosch,bosch-ecxdtrxvmp
brake_pad,bosch,bosch-rorlxvsgmg
diesel_fuel_injector,vdo,vdo-riyyuyzxey
fuel_filter,purflux,purflux-cynlxtlpeo
petrol_fuel_injector,vdo,vdo-bckknsbwmw
brake_pad,ferodo,ferodo-ebabdpoqic
diesel_fuel_injector,vdo,vdo-jqjtbeiksh
fuel_filter,purflux,purflux-duzzfjxhby
fuel_filter,purflux,purflux-ytbytrbdct
diesel_fuel_injector,bosch,bosch-ufzidzcbkc
brake_pad,valeo,valeo-vkascfjbyu
brake_pad,bosch,bosch-swxlwotmyy
diesel_fuel_injector,delphi,delphi-xaknwionvw
brake_rotor,bosch,bosch-duoccwpdkv
diesel_fuel_injector,vdo,vdo-ssyeugvjtf
fuel_filter,purflux,purflux-otyljrgmwf
brake_pad,bosch,bosch-mnhwxjxvqq
diesel_fuel_injector,delphi,delphi-tusyxjijgl
diesel_fuel_injector,bosch,bosch-jmihtqvbvl
diesel_fuel_injector,vdo,vdo-vzqkyeaiwo
petrol_fuel_injector,vdo,vdo-mizaaszvvw
brake_rotor,ferodo,ferodo-yotkmbbvhp
petrol_fuel_injector,bosch,bosch-vfcyraatut
brake_pad,bosch,bosch-nzozolhorw
brake_rotor,brembo,brembo-mgkhctqdlc
diesel_fuel_injector,vdo,vdo-bezzzocypb
petrol_fuel_injector,delphi,delphi-hxgtqqvsxa
brake_rotor,ferodo,ferodo-lgertvovvc
petrol_fuel_injector,vdo,vdo-zhrxeiblhk
brake_pad,valeo,valeo-wdqbsdfnxv
fuel_filter,bosch,bosch-dzrnrxqamx
fuel_filter,mann,mann-xaetgeberj
diesel_fuel_injector,bosch,bosch-filxtqlsqr
petrol_fuel_injector,bosch,bosch-lcgxwmshmf
diesel_fuel_injector,delphi,delphi-egeglepblc
diesel_fuel_injector,delphi,delphi-qcrkdxveza
diesel_fuel_injector,delphi,delphi-mywvvdobor
diesel_fuel_injector,vdo,vdo-jngnicolop
diesel_fuel_injector,vdo,vdo-zmhzwzbdoa
diesel_fuel_injector,bosch,bosch-ttcrddenmj
fuel_filter,purflux,purflux-tmflzpukbu
brake_rotor,valeo,valeo-eixhskiaub
brake_rotor,ferodo,ferodo-uqnrgdlsfu
fuel_filter,mann,mann-twamtrjqcx
fuel_filter,mann,mann-qizcgvqslf
diesel_fuel_injector,delphi,delphi-urfixldpag
fuel_filter,mann,mann-fiqvwyjnin
fuel_filter,bosch,bosch-pmxseazaej
petrol_fuel_injector,bosch,bosch-kdynemxngt
brake_rotor,valeo,valeo-arxcuwapbj
brake_rotor,bosch,bosch-yfasxphfyq
brake_rotor,ferodo,ferodo-jkuiyfvhco
fuel_filter,purflux,purflux-cradhsdthz
fuel_filter,bosch,bosch-emfukjjjau
petrol_fuel_injector,vdo,vdo-knnvdkpquu
petrol_fuel_injector,vdo,vdo-enwsdfvkpn
brake_pad,valeo,valeo-svacpoeliw
fuel_filter,bosch,bosch-dkpyliqzxh
diesel_fuel_injector,delphi,delphi-cododyofmg
petrol_fuel_injector,vdo,vdo-yuihssmype
brake_rotor,brembo,brembo-rfebniyvck
diesel_fuel_injector,bosch,bosch-clkkqvwgfr
fuel_filter,bosch,bosch-cngsdiqtmk
diesel_fuel_injector,vdo,vdo-bvqthnybje
diesel_fuel_injector,delphi,delphi-lysrmombkg
brake_rotor,ferodo,ferodo-kvugyvbrho
diesel_fuel_injector,delphi,delphi-oqfuhctujc
petrol_fuel_injector,bosch,bosch-raagmqgmia
fuel_filter,bosch,bosch-tlhnylmakd
petrol_fuel_injector,delphi,delphi-ewfhzmollh
brake_rotor,bosch,bosch-azwwfyffrd
petrol_fuel_injector,vdo,vdo-ihnotrebfc
diesel_fuel_injector,delphi,delphi-sermkaphto
brake_pad,brembo,brembo-iuxmqxyxkk
brake_pad,brembo,brembo-wfzbbadaka
brake_rotor,brembo,brembo-pgysyoadvm
brake_pad,ferodo,ferodo-opbarhuvyx
brake_rotor,brembo,brembo-eocskxqvmu
fuel_filter,mann,mann-gkncrgdbmk
brake_rotor,bosch,bosch-odklflgvfp
fuel_filter,purflux,purflux-cxpdsxmxbt
fuel_filter,bosch,bosch-vazmgiincu
diesel_fuel_injector,bosch,bosch-bwfghfgqwv
brake_pad,bosch,bosch-rsosrtbqyp
brake_rotor,bosch,bosch-dwmspkhxll
brake_rotor,bosch,bosch-ldrbgigomw
brake_pad,ferodo,ferodo-bgoymgdqva
diesel_fuel_injector,vdo,vdo-puealvyfag
brake_rotor,bosch,bosch-kavoeselmq
fuel_filter,bosch,bosch-stxzammexw
brake_pad,bosch,bosch-vclffjteac
fuel_filter,mann,mann-xjdnoeazyt
petrol_fuel_injector,bosch,bosch-hvvkfolvee
brake_pad,ferodo,ferodo-xdwwmjimsi
petrol_fuel_injector,bosch,bosch-pyqflhumcz
fuel_filter,bosch,bosch-unbiftaexx
fuel_filter,bosch,bosch-eevwgaipur
petrol_fuel_injector,vdo,vdo-ajlieazbia
brake_rotor,ferodo,ferodo-rehjsaibtw
brake_rotor,bosch,bosch-hdfgdlomol
brake_rotor,ferodo,ferodo-tljyqgdsjw
petrol_fuel_injector,delphi,delphi-mzkueiltpo
brake_pad,ferodo,ferodo-xkcdtrpvvm
petrol_fuel_injector,bosch,bosch-ucbqbndqvp
fuel_filter,bosch,bosch-scavpwmdvr
brake_rotor,valeo,valeo-vovnrixari
brake_pad,valeo,valeo-czgwmdtwww
fuel_filter,purflux,purflux-ohqgulbalb
brake_rotor,bosch,bosch-izxgdghunl
petrol_fuel_injector,vdo,vdo-kltedtylef
brake_pad,brembo,brembo-mkynzybinx
brake_pad,valeo,valeo-xtsrvvlhzo
brake_pad,valeo,valeo-yedkrspymg
brake_pad,valeo,valeo-twlpcvletp
petrol_fuel_injector,delphi,delphi-ueqhqrbhnn
diesel_fuel_injector,delphi,delphi-hksuitnbsq
brake_rotor,bosch,bosch-booqsfsoxh
petrol_fuel_injector,vdo,vdo-adikubomfj
brake_pad,bosch,bosch-svddmffxow
brake_rotor,ferodo,ferodo-stbjcnjtfo
fuel_filter,bosch,bosch-niaenaqtth
diesel_fuel_injector,delphi,delphi-pxrjklndzc
brake_rotor,brembo,brembo-klxfyahxkt
fuel_filter,bosch,bosch-ftvyphdjrf
fuel_filter,mann,mann-cminksttcq
petrol_fuel_injector,bosch,bosch-wwhwxpzkgs
fuel_filter,mann,mann-kakalbhjed
brake_rotor,ferodo,ferodo-rklawflass
diesel_fuel_injector,bosch,bosch-jhdxwqufty
fuel_filter,purflux,purflux-utzvlaquyl
fuel_filter,bosch,bosch-wmcvnadlgt
brake_pad,brembo,brembo-intdjtvfov
fuel_filter,mann,mann-jiviqqauoi
brake_pad,ferodo,ferodo-gqceqqiyur
fuel_filter,mann,mann-suxrqvfcnq
fuel_filter,mann,mann-bkdwnanxlx
brake_pad,valeo,valeo-obhswblboi
fuel_filter,purflux,purflux-qfgumwmeuf
brake_pad,valeo,valeo-faicyvjzan
fuel_filter,bosch,bosch-zowkcczeff
brake_pad,brembo,brembo-ascmntjeef
brake_pad,brembo,brembo-ghusqceslm
brake_pad,ferodo,ferodo-zfqmkjmsyy
brake_rotor,brembo,brembo-ihscetemdy
petrol_fuel_injector,vdo,vdo-hgwncnfrnl
diesel_fuel_injector,vdo,vdo-hkpzconmxl
brake_pad,valeo,valeo-romcozfcey
fuel_filter,bosch,bosch-gowtbztmmf
brake_pad,brembo,brembo-rvanpcdfmb
fuel_filter,mann,mann-pvaqrljhjg
diesel_fuel_injector,bosch,bosch-hwxxatnxku
diesel_fuel_injector,vdo,vdo-yvuhkelwym
petrol_fuel_injector,vdo,vdo-pwhxwxttxr
brake_rotor,bosch,bosch-evujbbrtzl
fuel_filter,bosch,bosch-gwiigrxxrm
diesel_fuel_injector,vdo,vdo-mtsdxlkdst
fuel_filter,mann,mann-dlidgelwcg
brake_pad,valeo,valeo-xdxgpveqcz
fuel_filter,purflux,purflux-slztbhdiqi
brake_rotor,brembo,brembo-wheevduhup
diesel_fuel_injector,vdo,vdo-nnuybjkrtx
brake_rotor,valeo,valeo-mvjjaeypmw
brake_rotor,ferodo,ferodo-hhlnbxudei
petrol_fuel_injector,bosch,bosch-ccsjkgrbvj
petrol_fuel_injector,delphi,delphi-gawevtceiw
fuel_filter,purflux,purflux-iqhdvkifsr
brake_rotor,valeo,valeo-cuvtlxzkkn
diesel_fuel_injector,delphi,delphi-huuoexiqro
petrol_fuel_injector,delphi,delphi-unkqoimlmi
brake_pad,valeo,valeo-vzscaihrgj
brake_pad,ferodo,ferodo-ddizehxdzw
fuel_filter,mann,mann-ppgmmjimke
petrol_fuel_injector,bosch,bosch-bymmvzvwxt
petrol_fuel_injector,delphi,delphi-mymunxlnxe
fuel_filter,bosch,bosch-lkwcoimbrx
fuel_filter,purflux,purflux-iwpuupewqi
fuel_filter,mann,mann-ebsjttidfg
brake_pad,brembo,brembo-cspvhwvdlm
petrol_fuel_injector,delphi,delphi-exmzapxmvh
fuel_filter,bosch,bosch-sstkwnwpbx
brake_pad,valeo,valeo-ivqsswxmoj
brake_rotor,valeo,valeo-slgsgpfrxj
brake_pad,valeo,valeo-yzqwnvoreg
diesel_fuel_injector,bosch,bosch-iwfmjgdjtm
brake_pad,ferodo,ferodo-lexurhqiil
fuel_filter,purflux,purflux-uxszxpimeb
brake_pad,valeo,valeo-faekuufkho
petrol_fuel_injector,vdo,vdo-utdhyuthhv
petrol_fuel_injector,bosch,bosch-hoehqnqczq
diesel_fuel_injector,vdo,vdo-zsvmndxzvo
diesel_fuel_injector,bosch,bosch-nntklukfjg
diesel_fuel_injector,delphi,delphi-kosyhhgulw
brake_rotor,brembo,brembo-iaktveijmh
brake_rotor,bosch,bosch-ztlwfwhboe
diesel_fuel_injector,delphi,delphi-wmvdhxfehh
petrol_fuel_injector,bosch,bosch-mwcumeknro
diesel_fuel_injector,delphi,delphi-rlmeriglep
brake_rotor,valeo,valeo-xzvahbaqfb
fuel_filter,bosch,bosch-xssyxnecjl
fuel_filter,mann,mann-esusjshcyl
diesel_fuel_injector,delphi,delphi-llvkpjsrvp
fuel_filter,bosch,bosch-rrgryjjook
fuel_filter,bosch,bosch-eguyxcgwqh
fuel_filter,mann,mann-gpmjylyoze
diesel_fuel_injector,vdo,vdo-rgoyxjqdac
diesel_fuel_injector,vdo,vdo-tliotukrtj
brake_pad,ferodo,ferodo-ouggwitdxj
fuel_filter,mann,mann-vupfhsamyi
diesel_fuel_injector,vdo,vdo-cjkebasqqe
petrol_fuel_injector,bosch,bosch-rdzsorowza
brake_rotor,bosch,bosch-hxsgihryul
petrol_fuel_injector,bosch,bosch-zdjzfzivxt
brake_pad,ferodo,ferodo-dtwyjzluwi
petrol_fuel_injector,delphi,delphi-pbksptokxp
fuel_filter,purflux,purflux-zfezcpddzw
petrol_fuel_injector,delphi,delphi-yabqiovnif
fuel_filter,bosch,bosch-jhtijrjyhy
petrol_fuel_injector,bosch,bosch-jsjlccyhmf
fuel_filter,bosch,bosch-xjmzpvkutk
diesel_fuel_injector,bosch,bosch-fksbiackby
brake_rotor,brembo,brembo-plzbfoasgl
brake_pad,bosch,bosch-kvxasoeent
fuel_filter,mann,mann-laxigfnrpe
brake_pad,ferodo,ferodo-fzmcdwsuft
brake_rotor,brembo,brembo-jczeszspns
brake_pad,valeo,valeo-lspabhisee
brake_rotor,ferodo,ferodo-cnbvpacsbh
diesel_fuel_injector,delphi,delphi-ulcgkehlcv
brake_pad,brembo,brembo-kwntrmegpx
petrol_fuel_injector,vdo,vdo-kwrffwdptf
petrol_fuel_injector,bosch,bosch-ctlfmftxfl
brake_pad,bosch,bosch-ahwpaiocqu
brake_pad,bosch,bosch-ribfccnext
fuel_filter,bosch,bosch-ghldecpqnt
petrol_fuel_injector,bosch,bosch-haezlgwysr
diesel_fuel_injector,bosch,bosch-kpoaeluntt
petrol_fuel_injector,vdo,vdo-yyzjamghes
brake_pad,bosch,bosch-enuqwrbklm
fuel_filter,purflux,purflux-wlrbswkqmr
fuel_filter,mann,mann-gbtbhhnlgp
diesel_fuel_injector,delphi,delphi-dajqnnmvlp
petrol_fuel_injector,delphi,delphi-vedjixvqtr
brake_rotor,valeo,valeo-qjwxhiitmf
brake_pad,ferodo,ferodo-jhqwyrlhrg
brake_pad,bosch,bosch-iynxvzcypq
diesel_fuel_injector,bosch,bosch-hagylyiywr
diesel_fuel_injector,bosch,bosch-sotgrtaxed
fuel_filter,mann,mann-nmytlfipvt
brake_rotor,bosch,bosch-poqcldpxri
fuel_filter,purflux,purflux-xhqhusihfs
brake_pad,ferodo,ferodo-nlzrrsefcd
diesel_fuel_injector,delphi,delphi-asjgzywjhn
fuel_filter,bosch,bosch-pgwzqqteof
brake_rotor,ferodo,ferodo-evkbsmirou
diesel_fuel_injector,bosch,bosch-cgxrwwvorz
diesel_fuel_injector,delphi,delphi-jzwaiumefm
fuel_filter,purflux,purflux-blnqtgkacw
petrol_fuel_injector,delphi,delphi-qhlwwnjmur
brake_pad,valeo,valeo-jyqdkpmpbk
fuel_filter,mann,mann-euassvvnah
brake_pad,bosch,bosch-cfwhofzdue
petrol_fuel_injector,delphi,delphi-tbjkhvcbwr
brake_pad,valeo,valeo-wranvfyxzf
diesel_fuel_injector,bosch,bosch-pxdmjnjkwo
diesel_fuel_injector,delphi,delphi-jydtvhskty
petrol_fuel_injector,bosch,bosch-fmtwskxldm
fuel_filter,mann,mann-vptfolatwk
petrol_fuel_injector,vdo,vdo-psvplnqeie
fuel_filter,purflux,purflux-lgygdjyfwb
fuel_filter,mann,mann-fzznxqrgfy
fuel_filter,mann,mann-essoaydmjf
brake_pad,bosch,bosch-grvnqwrauj
brake_rotor,bosch,bosch-eoaiawsuxi
brake_pad,valeo,valeo-izivrraxcl
diesel_fuel_injector,vdo,vdo-omolihjldl
brake_rotor,ferodo,ferodo-nvbdcvjmra
petrol_fuel_injector,delphi,delphi-wcpjrqiosk
diesel_fuel_injector,bosch,bosch-ysgqdlvphf
petrol_fuel_injector,bosch,bosch-onrndidyar
petrol_fuel_injector,delphi,delphi-wtulzrsgig
brake_pad,bosch,bosch-hdjhgxeutd
petrol_fuel_injector,bosch,bosch-glkrloqswx
fuel_filter,mann,mann-nnofnscoag
diesel_fuel_injector,bosch,bosch-abkfljuyjj
petrol_fuel_injector,delphi,delphi-theyihusrr
fuel_filter,bosch,bosch-vmirjnqkrs
brake_rotor,ferodo,ferodo-orjckarqqw
brake_rotor,ferodo,ferodo-cxfnenvjov
diesel_fuel_injector,vdo,vdo-fvgwgaiupt
fuel_filter,bosch,bosch-sctgadlglf
brake_pad,valeo,valeo-pqrtifdzhw
fuel_filter,bosch,bosch-bukderpudj
petrol_fuel_injector,vdo,vdo-vvyztkmsjt
petrol_fuel_injector,bosch,bosch-cgjviizudu
fuel_filter,mann,mann-nmcvmfccxc
petrol_fuel_injector,vdo,vdo-nkxbjrrhhh
petrol_fuel_injector,vdo,vdo-mnwegqjbue
brake_pad,valeo,valeo-rdsesmwrup
fuel_filter,bosch,bosch-yayhzuemvk
diesel_fuel_injector,bosch,bosch-wqyhydfxrt
fuel_filter,mann,mann-fjlsawsius
brake_pad,brembo,brembo-fzsjvgqvrm
diesel_fuel_injector,vdo,vdo-xozxclzwnx
fuel_filter,bosch,bosch-qmpzmfjtpw
brake_pad,bosch,bosch-uxvlsealfs
diesel_fuel_injector,vdo,vdo-cupgweawyk
diesel_fuel_injector,delphi,delphi-fgrhefrbcm
brake_rotor,brembo,brembo-zlfnrgerai
fuel_filter,purflux,purflux-fnkbfsflhs
fuel_filter,bosch,bosch-wayjseefnv
brake_pad,ferodo,ferodo-cpfaxwfuwl
petrol_fuel_injector,vdo,vdo-ecngmuegmj
petrol_fuel_injector,delphi,delphi-lmzwboczzg
brake_rotor,brembo,brembo-qqcbrytpko
diesel_fuel_injector,vdo,vdo-wtuwwnbjnk
petrol_fuel_injector,delphi,delphi-anxaknfhqp
petrol_fuel_injector,bosch,bosch-efytuwpygh
diesel_fuel_injector,delphi,delphi-zbctykatno
petrol_fuel_injector,bosch,bosch-ugxbrgfxps
fuel_filter,bosch,bosch-yhcpqjuxtq
fuel_filter,purflux,purflux-sbfnvqlbpd
petrol_fuel_injector,bosch,bosch-yfmtuxxsgg
fuel_filter,mann,mann-lncnnqzgfl
fuel_filter,mann,mann-fstzaafbkz
diesel_fuel_injector,vdo,vdo-watzkvreqj
petrol_fuel_injector,vdo,vdo-wayezlkaap
fuel_filter,bosch,bosch-bdtrjuhqjl
petrol_fuel_injector,vdo,vdo-lmsmvcphkv
diesel_fuel_injector,bosch,bosch-jvunooavmq
petrol_fuel_injector,bosch,bosch-kjrircezqq
petrol_fuel_injector,bosch,bosch-ubuykyqnnd
brake_rotor,bosch,bosch-duvtrxwpjz
fuel_filter,purflux,purflux-wjfkxxbnpk
brake_rotor,bosch,bosch-frkwvyvnts
petrol_fuel_injector,delphi,delphi-yiohrcxmgs
diesel_fuel_injector,bosch,bosch-fnudrjwmsb
brake_rotor,bosch,bosch-lduvtqpjbi
petrol_fuel_injector,delphi,delphi-brhjpzbkma
petrol_fuel_injector,delphi,delphi-pcyjnfouya
brake_pad,valeo,valeo-dqogexjzkn
brake_pad,ferodo,ferodo-elfbsgpvkj
fuel_filter,purflux,purflux-szdxextjzl
petrol_fuel_injector,delphi,delphi-jjhhtpkrra
petrol_fuel_injector,vdo,vdo-dtsncemspq
diesel_fuel_injector,delphi,delphi-lhlfoxnoyb
petrol_fuel_injector,vdo,vdo-nbwnosuass
brake_pad,valeo,valeo-lycqnpwqrv
petrol_fuel_injector,vdo,vdo-cjwwuclsoh
fuel_filter,bosch,bosch-ewrmjcajax
petrol_fuel_injector,bosch,bosch-aebwfcthhi
fuel_filter,purflux,purflux-wjludfbanx
diesel_fuel_injector,delphi,delphi-wztpefousy
brake_rotor,ferodo,ferodo-ogrrzhuzos
fuel_filter,mann,mann-nuyuvnzsgw
brake_rotor,bosch,bosch-encdhqjkkv
brake_rotor,ferodo,ferodo-uobwknoqwl
fuel_filter,purflux,purflux-cawkqczapb
brake_pad,brembo,brembo-pruwzwyeqe
brake_rotor,ferodo,ferodo-yddtsebtjp
diesel_fuel_injector,bosch,bosch-hovaghofbl
petrol_fuel_injector,bosch,bosch-iurhbzjolp
diesel_fuel_injector,bosch,bosch-ajtvbjnoya
brake_rotor,brembo,brembo-wesdezjaxi
petrol_fuel_injector,bosch,bosch-exxjouuvkg
petrol_fuel_injector,vdo,vdo-xnohyerspz
brake_pad,bosch,bosch-kepgpihjju
brake_pad,valeo,valeo-kkyiqhpaon
fuel_filter,bosch,bosch-dtidcqoaiu
brake_rotor,valeo,valeo-mizhrkhfhe
brake_pad,bosch,bosch-oouldztsjw
diesel_fuel_injector,delphi,delphi-fwzcccgilk
diesel_fuel_injector,delphi,delphi-flrnwzrfkr
brake_pad,brembo,brembo-wxdfcbvcnr
fuel_filter,purflux,purflux-gxeqigzeoz
brake_rotor,brembo,brembo-lsnfkssohl
brake_pad,bosch,bosch-piwaizgtzb
petrol_fuel_injector,vdo,vdo-quvejsizqa
brake_pad,valeo,valeo-eleureycvd
brake_rotor,valeo,valeo-pwevrrqgxc
petrol_fuel_injector,delphi,delphi-rwzjkqnxsh
petrol_fuel_injector,vdo,vdo-ofnumdkdyk
brake_pad,valeo,valeo-hcevccpgxv
diesel_fuel_injector,delphi,delphi-gqwrnthxpe
diesel_fuel_injector,vdo,vdo-coyuzdqjwb
fuel_filter,bosch,bosch-znbolsvico
brake_pad,ferodo,ferodo-xnqehcpcxd
diesel_fuel_injector,vdo,vdo-fsobwbysad
brake_pad,ferodo,ferodo-kqanngtkjt
brake_pad,brembo,brembo-hccdulicdh
brake_pad,ferodo,ferodo-jfcqkdzjas
fuel_filter,bosch,bosch-vygeofwwia
petrol_fuel_injector,bosch,bosch-pqefzwukle
brake_pad,valeo,valeo-jipesxlejs
petrol_fuel_injector,delphi,delphi-zgdfqooarg
diesel_fuel_injector,bosch,bosch-nfuieoipga
diesel_fuel_injector,delphi,delphi-jlyxwkffpm
brake_rotor,brembo,brembo-dohpbgvlyh
brake_rotor,valeo,valeo-sptgfsjyna
fuel_filter,purflux,purflux-ujsykusifh
brake_pad,valeo,valeo-aftltxlabo
fuel_filter,bosch,bosch-uzzgqgoivf
brake_pad,valeo,valeo-srjzdxhkta
petrol_fuel_injector,delphi,delphi-xftgdlnzzr
brake_rotor,bosch,bosch-ztnwhmakhi
fuel_filter,mann,mann-dzujcbncbe
petrol_fuel_injector,delphi,delphi-owclbpmrgr
fuel_filter,mann,mann-qnevdhdinc
brake_pad,valeo,valeo-ugyrteasra
diesel_fuel_injector,delphi,delphi-bknrzuyzkv
diesel_fuel_injector,delphi,delphi-sxzgurfres
brake_pad,valeo,valeo-skqouukuuv
fuel_filter,bosch,bosch-dlvctzfgbd
brake_pad,bosch,bosch-lbrleuazxe
fuel_filter,bosch,bosch-vzdtzgbslx
brake_pad,valeo,valeo-nxablfpesh
brake_rotor,bosch,bosch-ueinzlxutw
brake_pad,brembo,brembo-xxwmoaiihl
brake_rotor,bosch,bosch-uqkafpbtrn
petrol_fuel_injector,bosch,bosch-bquignfauj
petrol_fuel_injector,delphi,delphi-sjmnifpymo
brake_rotor,valeo,valeo-irmjwmrlpe
diesel_fuel_injector,bosch,bosch-lhvulkzcii
petrol_fuel_injector,vdo,vdo-vrvgebgimt
brake_rotor,ferodo,ferodo-skzjipcfhx
diesel_fuel_injector,bosch,bosch-zxghbhzeso
fuel_filter,purflux,purflux-ftazvnuuvd
fuel_filter,purflux,purflux-mfynfkplgp
diesel_fuel_injector,bosch,bosch-rtuoixdpgy
brake_pad,valeo,valeo-qlpmcqtadc
brake_pad,valeo,valeo-jtbfoupiod
brake_rotor,bosch,bosch-lfsunllblu
diesel_fuel_injector,delphi,delphi-csmuyzprlc
brake_rotor,valeo,valeo-vwwbdxwjja
brake_rotor,valeo,valeo-jbmkefrrmd
brake_pad,ferodo,ferodo-cgmvqksuzz
petrol_fuel_injector,vdo,vdo-ufpcecvmse
fuel_filter,bosch,bosch-ibhfahbbcj
petrol_fuel_injector,bosch,bosch-bppvnvkvku
petrol_fuel_injector,delphi,delphi-dypyaxhjhd
diesel_fuel_injector,bosch,bosch-ylwjakenzg
brake_rotor,valeo,valeo-auikzlgeca
diesel_fuel_injector,bosch,bosch-cjgbpevnyh
brake_rotor,ferodo,ferodo-zosxfyzqxc
diesel_fuel_injector,vdo,vdo-ufynumctji
fuel_filter,bosch,bosch-hnaoviwllz
diesel_fuel_injector,delphi,delphi-ymusoywrtn
fuel_filter,mann,mann-dirbzeotwb
fuel_filter,purflux,purflux-xjsbllgaqz
brake_pad,valeo,valeo-gdbesgtmcq
brake_rotor,valeo,valeo-lohjjfchyw
petrol_fuel_injector,vdo,vdo-gcvlzzqume
brake_rotor,bosch,bosch-djcfougonx
brake_rotor,bosch,bosch-hgovnewwtp
brake_pad,brembo,brembo-mlkswfcwld
brake_pad,ferodo,ferodo-ahcrqxoxbr
diesel_fuel_injector,bosch,bosch-odcpgaaukm
fuel_filter,purflux,purflux-olzugryguo
fuel_filter,purflux,purflux-nfguhtahnc
brake_rotor,valeo,valeo-beirckvejs
diesel_fuel_injector,bosch,bosch-sckyzveicu
diesel_fuel_injector,delphi,delphi-uueritvgce
diesel_fuel_injector,bosch,bosch-vukfbgvogl
diesel_fuel_injector,bosch,bosch-iiiepfrybj
fuel_filter,bosch,bosch-qapnhjavzm
diesel_fuel_injector,vdo,vdo-sdzcjxejxk
brake_rotor,brembo,brembo-jmhwofvqsm
fuel_filter,mann,mann-qdhkqxbalk
petrol_fuel_injector,vdo,vdo-saqbbsvntz
diesel_fuel_injector,delphi,delphi-ovoldenwru
fuel_filter,mann,mann-gswpxvvusl
brake_pad,valeo,valeo-hsobkvtveb
petrol_fuel_injector,delphi,delphi-ankkwrpnsc
brake_pad,ferodo,ferodo-fbphzvydro
diesel_fuel_injector,vdo,vdo-usgomcemog
diesel_fuel_injector,vdo,vdo-fnmndcolme
diesel_fuel_injector,vdo,vdo-zxqrxwrrvt
diesel_fuel_injector,vdo,vdo-axihivljhd
brake_rotor,valeo,valeo-giuhjpahmg
petrol_fuel_injector,delphi,delphi-tqucrdqhwr
diesel_fuel_injector,delphi,delphi-ujaxqpkxgv
diesel_fuel_injector,delphi,delphi-ckuprztacc
brake_rotor,valeo,valeo-bmxieybofg
fuel_filter,purflux,purflux-wfclmybgfd
brake_rotor,ferodo,ferodo-zfjopirheb
diesel_fuel_injector,delphi,delphi-bzotetncnp
brake_pad,ferodo,ferodo-qxdghwolqo
brake_rotor,ferodo,ferodo-szqlqqcwwp
brake_pad,ferodo,ferodo-aadrpooduz
brake_rotor,valeo,valeo-ywufridsrt
fuel_filter,bosch,bosch-kcquqmfqxu
diesel_fuel_injector,bosch,bosch-bnsqzkrdxr
fuel_filter,mann,mann-yoqcrcejyr
brake_pad,brembo,brembo-egpljisxbx
fuel_filter,bosch,bosch-oznawyzdmk
brake_pad,bosch,bosch-lfwtduvzlo
petrol_fuel_injector,bosch,bosch-ezcdpytozj
petrol_fuel_injector,bosch,bosch-bejlxrvwyy
fuel_filter,bosch,bosch-hpiinttmnu
fuel_filter,bosch,bosch-flaspznayy
fuel_filter,mann,mann-kedtedhcqb
petrol_fuel_injector,vdo,vdo-djzzcpbpky
brake_rotor,bosch,bosch-rgafmtkujs
diesel_fuel_injector,vdo,vdo-iermqplfxt
diesel_fuel_injector,bosch,bosch-xrgssyxuzi
fuel_filter,mann,mann-ftyucrahiw
petrol_fuel_injector,vdo,vdo-dwymsbqrth
brake_rotor,bosch,bosch-fhcythmipe
brake_pad,bosch,bosch-pkwajzbtmt
diesel_fuel_injector,delphi,delphi-rpsvxwbfdk
brake_rotor,bosch,bosch-gpvqzjvwyx
petrol_fuel_injector,delphi,delphi-qbmwaqxekd
petrol_fuel_injector,bosch,bosch-dmdgyvtqpp
fuel_filter,bosch,bosch-xaatuthaiw
fuel_filter,mann,mann-tihkzsylol
diesel_fuel_injector,vdo,vdo-uaclfgdlxk
petrol_fuel_injector,delphi,delphi-unbykdvptb
brake_pad,ferodo,ferodo-mlenfprlnb
brake_pad,ferodo,ferodo-anzfiwzmka
fuel_filter,purflux,purflux-psdngagpdf
brake_rotor,valeo,valeo-fiqiwhemzv
brake_rotor,brembo,brembo-qwvgotcuuq
diesel_fuel_injector,bosch,bosch-qoobsqmpqo
petrol_fuel_injector,delphi,delphi-ffixvfazub
petrol_fuel_injector,bosch,bosch-ffqnxwyxtm
brake_rotor,bosch,bosch-nucwrzctso
diesel_fuel_injector,bosch,bosch-eqbnmojlgy
fuel_filter,mann,mann-xojestnjev
petrol_fuel_injector,bosch,bosch-bzxrdcqngc
fuel_filter,mann,mann-klybewwuzk
brake_pad,valeo,valeo-smhaauoagw
diesel_fuel_injector,delphi,delphi-uwrgrdyzyv
diesel_fuel_injector,vdo,vdo-bykircbwng
diesel_fuel_injector,vdo,vdo-gwjryvwqds
petrol_fuel_injector,bosch,bosch-cehmcsqkpl
fuel_filter,purflux,purflux-vsgrraylzj
petrol_fuel_injector,bosch,bosch-agtgemmcpy
diesel_fuel_injector,vdo,vdo-alwhwbvypy
fuel_filter,mann,mann-gknucqsurd
brake_pad,valeo,valeo-lpkqmccqvd
fuel_filter,mann,mann-auydvxvtba
petrol_fuel_injector,bosch,bosch-clfbvrsnfn
fuel_filter,purflux,purflux-gslmvosjgz
brake_pad,ferodo,ferodo-llbsqcsqxh
brake_pad,brembo,brembo-esepebtvop
petrol_fuel_injector,delphi,delphi-peydwcrsbb
brake_rotor,valeo,valeo-mlfznlhbwu
petrol_fuel_injector,bosch,bosch-kkumldhocc
brake_pad,bosch,bosch-unonohgekc
fuel_filter,purflux,purflux-eqyprdkete
fuel_filter,purflux,purflux-oqfdemguzd
fuel_filter,mann,mann-wodjqsipwa
brake_rotor,bosch,bosch-ejnuasemsu
brake_rotor,valeo,valeo-snavyzvtrk
fuel_filter,purflux,purflux-fkligbhogx
fuel_filter,purflux,purflux-ffkjulkzjj
petrol_fuel_injector,delphi,delphi-wabofemftj
diesel_fuel_injector,vdo,vdo-kxnwuiquas
petrol_fuel_injector,vdo,vdo-nleoanthwb
brake_rotor,brembo,brembo-gcamwzhjvo
brake_rotor,brembo,brembo-dyatmbyknd
diesel_fuel_injector,vdo,vdo-qypzgsgyjr
fuel_filter,bosch,bosch-frptlpxejb
brake_rotor,valeo,valeo-jhvlmcqmzu
brake_pad,brembo,brembo-qibnbvhosh
petrol_fuel_injector,delphi,delphi-gqjudzwsrd
brake_pad,valeo,valeo-apmgumqvsr
fuel_filter,bosch,bosch-okjxrwcqgm
fuel_filter,bosch,bosch-lnalidpkyh
diesel_fuel_injector,delphi,delphi-jdvuvgoxvz
diesel_fuel_injector,vdo,vdo-zvebypqimc
diesel_fuel_injector,vdo,vdo-pqhjsthvyw
petrol_fuel_injector,vdo,vdo-nfbgpcafhq
fuel_filter,mann,mann-jijvwjzcoi
brake_pad,brembo,brembo-flfavkndtn
fuel_filter,purflux,purflux-fgtajxldsq
petrol_fuel_injector,delphi,delphi-wxzucuyeak
brake_pad,valeo,valeo-ncfidbqdif
fuel_filter,bosch,bosch-exwjefnbhp
brake_pad,brembo,brembo-aldmnvfvfd
fuel_filter,purflux,purflux-pefvcndisi
fuel_filter,bosch,bosch-tdztxxjmzk
diesel_fuel_injector,vdo,vdo-riqnsnafsd
brake_pad,brembo,brembo-goctomclub
brake_rotor,bosch,bosch-cujcvgviaa
diesel_fuel_injector,vdo,vdo-wwjduowrpj
brake_pad,bosch,bosch-zvfwcqbpmv
brake_rotor,bosch,bosch-wabliupvsx
brake_pad,valeo,valeo-ywugvrvwex
diesel_fuel_injector,delphi,delphi-lndrgmrksb
brake_rotor,ferodo,ferodo-wfgawxuyzx
petrol_fuel_injector,delphi,delphi-juruystqtc
petrol_fuel_injector,bosch,bosch-kcbiokeqrg
fuel_filter,purflux,purflux-ersgytrbvw
brake_rotor,bosch,bosch-xagynlzwhb
petrol_fuel_injector,delphi,delphi-ialzfffmpo
brake_rotor,bosch,bosch-vcclgbdkrb
diesel_fuel_injector,delphi,delphi-xycifkbyqv
diesel_fuel_injector,delphi,delphi-bqfholvgbw
brake_rotor,valeo,valeo-okjdjadint
fuel_filter,bosch,bosch-vqfewmwkwc
brake_pad,ferodo,ferodo-eczqcmsxnp
brake_pad,valeo,valeo-aqpouplrvs
brake_rotor,bosch,bosch-ihhqtavnag
petrol_fuel_injector,bosch,bosch-cecdtojlsd
fuel_filter,mann,mann-dnhmbwxgju
petrol_fuel_injector,delphi,delphi-rhgyravnhx
diesel_fuel_injector,delphi,delphi-eivbaylqxg
brake_rotor,valeo,valeo-iopufffrio
petrol_fuel_injector,delphi,delphi-bduecepwzn
brake_rotor,valeo,valeo-ullxplxqeu
fuel_filter,purflux,purflux-cihjzldzmq
fuel_filter,mann,mann-vroerzqdda
diesel_fuel_injector,bosch,bosch-fldzgvhekn
diesel_fuel_injector,delphi,delphi-jidpgiafdh
fuel_filter,mann,mann-xoriveiecg
brake_rotor,bosch,bosch-rhouqciphc
brake_pad,valeo,valeo-tzdqylgmfx
petrol_fuel_injector,bosch,bosch-ukqjmlqrrn
brake_rotor,valeo,valeo-xalqlofnyu
fuel_filter,purflux,purflux-vnenmueqls
diesel_fuel_injector,vdo,vdo-nwzdhbfxkq
fuel_filter,bosch,bosch-gcjbcpjixo
diesel_fuel_injector,vdo,vdo-jgtkocuinf
petrol_fuel_injector,bosch,bosch-dnmkaqgvvc
brake_pad,valeo,valeo-anntvafvzx
brake_rotor,bosch,bosch-kgsensgndw
brake_rotor,valeo,valeo-owdwrybufk
brake_rotor,valeo,valeo-afniddjskv
diesel_fuel_injector,delphi,delphi-qyvcjbbbel
brake_rotor,brembo,brembo-etktbisyyj
petrol_fuel_injector,delphi,delphi-dxbcgighvd
diesel_fuel_injector,vdo,vdo-fzwyghnwjb
brake_pad,valeo,valeo-yovybpqled
brake_pad,brembo,brembo-clddbgxvik
brake_pad,brembo,brembo-yhgxvtbsur
petrol_fuel_injector,delphi,delphi-ggqrbiqykv
diesel_fuel_injector,vdo,vdo-smzkwgsdhy
petrol_fuel_injector,delphi,delphi-zzwjynpekr
diesel_fuel_injector,delphi,delphi-godksdshoq
diesel_fuel_injector,bosch,bosch-ttaewrmitx
diesel_fuel_injector,vdo,vdo-yzgdcpvkam
petrol_fuel_injector,vdo,vdo-dggufapseu
brake_rotor,brembo,brembo-jcovycuwbi
brake_pad,valeo,valeo-lrwksqgjfm
fuel_filter,bosch,bosch-ukwwkfegdc
brake_rotor,ferodo,ferodo-soazpjmpkp
brake_rotor,bosch,bosch-cuqfmqcglq
brake_rotor,valeo,valeo-nsblehxtpe
petrol_fuel_injector,delphi,delphi-anwbwbprrn
brake_rotor,ferodo,ferodo-kamnscvhdu
brake_rotor,bosch,bosch-flodtuxhki
fuel_filter,bosch,bosch-meukggbsse
brake_rotor,brembo,brembo-yyxbelekox
diesel_fuel_injector,delphi,delphi-gzqimcqddv
diesel_fuel_injector,vdo,vdo-qetoxkkynl
brake_rotor,bosch,bosch-tdtmzjlqbv
diesel_fuel_injector,delphi,delphi-giywzzdaxl
diesel_fuel_injector,delphi,delphi-ucwpyqzbjn
fuel_filter,bosch,bosch-isytkbznnj
fuel_filter,purflux,purflux-rmfyomzmqr
petrol_fuel_injector,delphi,delphi-vzvuobairj
brake_rotor,valeo,valeo-ujpxotwckd
fuel_filter,mann,mann-akyxacshnk
fuel_filter,bosch,bosch-wryqvotyuj
petrol_fuel_injector,bosch,bosch-daphlbystw
brake_rotor,brembo,brembo-hynsmpvudy
fuel_filter,bosch,bosch-ngzsfqanpg
petrol_fuel_injector,vdo,vdo-wtokstaaxu
brake_rotor,bosch,bosch-duunlyfrnb
brake_rotor,brembo,brembo-phqflaimbo
petrol_fuel_injector,delphi,delphi-ailhwzyhki
brake_pad,brembo,brembo-vygpkplpec
brake_rotor,bosch,bosch-ohyhuaazvk
brake_pad,brembo,brembo-mowyhhfcpr
fuel_filter,purflux,purflux-hqrnbyljlw
brake_rotor,ferodo,ferodo-rbutcdsnnt
petrol_fuel_injector,delphi,delphi-roqqqikldv
petrol_fuel_injector,bosch,bosch-wkwzikmffb
petrol_fuel_injector,vdo,vdo-axvbzgboja
diesel_fuel_injector,bosch,bosch-gfmyuwgtkh
fuel_filter,mann,mann-dnvhktuosf
brake_rotor,bosch,bosch-ajrxcgkkrg
fuel_filter,bosch,bosch-dkllunhnkx
fuel_filter,mann,mann-wygpqjmgtz
fuel_filter,bosch,bosch-eqtazdichq
brake_pad,valeo,valeo-wynkaghfrb
diesel_fuel_injector,delphi,delphi-wuwoswascd
petrol_fuel_injector,bosch,bosch-fprxpsmsku
brake_rotor,valeo,valeo-wdyebbigpr
fuel_filter,bosch,bosch-royrddrfao
fuel_filter,bosch,bosch-ntohitucfs
fuel_filter,mann,mann-cfhxkljhwi
brake_pad,valeo,valeo-ueuusnyrqn
brake_rotor,ferodo,ferodo-zbjadzfchd
brake_rotor,ferodo,ferodo-wfzhquwerh
fuel_filter,purflux,purflux-mcbteenvds
petrol_fuel_injector,delphi,delphi-omyfsapnog
fuel_filter,purflux,purflux-augcaumons
fuel_filter,mann,mann-jsuzmhkglj
brake_rotor,bosch,bosch-yhfggzkoxh
brake_rotor,brembo,brembo-izpfgdpfcs
brake_pad,brembo,brembo-cyflsowktm
fuel_filter,bosch,bosch-sxutrjqnbu
fuel_filter,purflux,purflux-ndfziuomfc
diesel_fuel_injector,vdo,vdo-hpynwivuiz
brake_rotor,bosch,bosch-hhtrjkfeli
fuel_filter,bosch,bosch-rdatbcnxxb
diesel_fuel_injector,bosch,bosch-gmydtscqej
brake_pad,bosch,bosch-uxpoazpbgz
brake_pad,bosch,bosch-bimihqhgrg
brake_pad,brembo,brembo-rbcctcmznu
brake_pad,bosch,bosch-cxwiafxdvp
brake_rotor,bosch,bosch-pzvktmwmyt
brake_pad,valeo,valeo-lnvdispiyl
brake_rotor,valeo,valeo-iozosmvxpk
brake_pad,bosch,bosch-xgkxdyexga
diesel_fuel_injector,delphi,delphi-vittbvgqxz
brake_rotor,ferodo,ferodo-lsvfmwcpxw
brake_pad,valeo,valeo-tikaexawtk
diesel_fuel_injector,vdo,vdo-yaxgmdphqs
fuel_filter,bosch,bosch-hijmlanyyy
brake_pad,ferodo,ferodo-hezzhiwvpv
brake_rotor,ferodo,ferodo-umzqusmhbh
petrol_fuel_injector,vdo,vdo-mnnbajwyfy
diesel_fuel_injector,vdo,vdo-qzlxspbdrb
fuel_filter,purflux,purflux-hdhiycnchw
petrol_fuel_injector,vdo,vdo-upwjybxwqj
brake_pad,bosch,bosch-yqcygkqpki
brake_pad,bosch,bosch-rmokiubtfx
diesel_fuel_injector,delphi,delphi-przxgonmfm
brake_rotor,ferodo,ferodo-izuiguanfk
brake_rotor,ferodo,ferodo-mbblkipnvn
petrol_fuel_injector,delphi,delphi-kvpmxwjyfn
brake_pad,ferodo,ferodo-oxhvymnxdl
petrol_fuel_injector,bosch,bosch-dqnykckvcg
brake_rotor,valeo,valeo-xssieogorq
fuel_filter,mann,mann-dkllaftrrz
brake_rotor,ferodo,ferodo-wbgthughdw
diesel_fuel_injector,vdo,vdo-lkuecbwuly
fuel_filter,mann,mann-piolruduaw
brake_pad,bosch,bosch-spwuuxyfku
diesel_fuel_injector,bosch,bosch-myqufjvnug
petrol_fuel_injector,bosch,bosch-xxwysclknu
fuel_filter,mann,mann-ayjylvhztk
brake_pad,valeo,valeo-qvugfhhsnj
petrol_fuel_injector,delphi,delphi-feuvfnorlv
fuel_filter,bosch,bosch-bqaxstlibk
petrol_fuel_injector,delphi,delphi-ngzqmeietm
brake_pad,valeo,valeo-dkqnnvaxvt
brake_pad,bosch,bosch-vbvlfzddol
diesel_fuel_injector,delphi,delphi-yohpwqqhoz
petrol_fuel_injector,delphi,delphi-bccacrvqhv
fuel_filter,purflux,purflux-uogclyqsjo
petrol_fuel_injector,delphi,delphi-tfxlrziibm
fuel_filter,bosch,bosch-kunrxstgfs
petrol_fuel_injector,bosch,bosch-xqnqvmclsa
petrol_fuel_injector,bosch,bosch-josdpjfuzq
fuel_filter,purflux,purflux-kroztazchs
brake_pad,bosch,bosch-vlvefqzvyn
diesel_fuel_injector,delphi,delphi-nycrvvrlmb
petrol_fuel_injector,delphi,delphi-bcjfuibgrt
diesel_fuel_injector,delphi,delphi-mdiibbijic
brake_rotor,ferodo,ferodo-uagfmgzxqt
brake_rotor,bosch,bosch-pznghywnan
brake_rotor,valeo,valeo-gqhtdblrvc
brake_pad,bosch,bosch-vnlfoegwnj
petrol_fuel_injector,bosch,bosch-fbkdxwtwnp
petrol_fuel_injector,delphi,delphi-vukjjfmjqp
petrol_fuel_injector,vdo,vdo-mliseiopuh
diesel_fuel_injector,delphi,delphi-ibzelcfwoc
fuel_filter,bosch,bosch-jqxvxfqtrb
brake_rotor,valeo,valeo-srvzhxpijs
brake_pad,ferodo,ferodo-bkzghdzxyf
fuel_filter,bosch,bosch-zerdfcnhzq
brake_pad,bosch,bosch-obzjqrdfbc
fuel_filter,bosch,bosch-dvqnhasata
brake_pad,ferodo,ferodo-pusnhyvejo
brake_pad,brembo,brembo-zbzjcnryzs
brake_pad,valeo,valeo-xgenprnnay
fuel_filter,bosch,bosch-mhjibbyqwn
fuel_filter,bosch,bosch-tyfhukpzqk
fuel_filter,mann,mann-xezyrphllt
petrol_fuel_injector,bosch,bosch-tfjjjxtrsl
brake_rotor,valeo,valeo-sevpcalssp
fuel_filter,bosch,bosch-loxudescik
brake_rotor,ferodo,ferodo-wxoikbgjwh
brake_rotor,ferodo,ferodo-tilshbsyxc
petrol_fuel_injector,vdo,vdo-otctjcyzcu
brake_pad,bosch,bosch-uoqvdzsljm
brake_pad,valeo,valeo-panxnbjlrw
brake_pad,ferodo,ferodo-cepbykkwwr
petrol_fuel_injector,delphi,delphi-phzclzpxhi
brake_pad,bosch,bosch-lurtzolpav
diesel_fuel_injector,bosch,bosch-vtweludqah
diesel_fuel_injector,vdo,vdo-mbzgrgabut
